Wiseman	Lotz
Deniz	Lairson
Deniz	Petrascheck
Lotz	Cravatt
Petrascheck	Grotjahn
Wu	Lairson
Forli	Su
Forli	Ward
Deniz	Su
Briney	Su
Racki	Ken
Racki	Su
Racki	Lairson
Grotjahn	Wiseman
Racki	Grotjahn
Cravatt	Wiseman
Cravatt	Su
Forli	Lairson
Saez	Wiseman
Deniz	Racki
Saez	Petrascheck
Deniz	Ken
Saez	Grotjahn
Deniz	Wiseman
Ken	Lairson
Briney	Ward
Grotjahn	Lairson
Cravatt	Lairson
Su	Petrascheck
Deniz	Grotjahn
Saez	Lairson
Lotz	Wu
Forli	Petrascheck
Cravatt	Ken
Briney	Ward
Cravatt	Forli
Saez	Su
Su	Wiseman
Forli	Ken
Wu	Su
Wiseman	Briney
